{"cameraMode":{"drawMode":0,"name":"Shaded","section":"Shading Mode"},"sceneLighting":false,"audioPlay":false,"sceneViewState":{"m_AlwaysRefresh":false,"showFog":true,"showSkybox":false,"showFlares":true,"showImageEffects":true,"showParticleSystems":true,"showVisualEffectGraphs":true,"m_FxEnabled":true},"in2DMode":false,"pivot":{"x":-0.4858611524105072,"y":0.920796811580658,"z":-0.8338005542755127},"rotation":{"x":-0.06429774314165116,"y":-0.9356607794761658,"z":0.24091731011867524,"w":-0.24987700581550599},"size":1.8634670972824097,"orthographic":false}