{"cameraMode":{"drawMode":0,"name":"Shaded","section":"Shading Mode"},"sceneLighting":false,"audioPlay":false,"sceneViewState":{"m_AlwaysRefresh":false,"showFog":true,"showSkybox":false,"showFlares":true,"showImageEffects":true,"showParticleSystems":true,"showVisualEffectGraphs":true,"m_FxEnabled":true},"in2DMode":false,"pivot":{"x":0.3643154501914978,"y":0.7953627109527588,"z":-1.9062929153442383},"rotation":{"x":0.01141608227044344,"y":-0.985820472240448,"z":0.14960169792175294,"w":0.0758904218673706},"size":2.3735923767089845,"orthographic":false}