{"cameraMode":{"drawMode":0,"name":"Shaded","section":"Shading Mode"},"sceneLighting":false,"audioPlay":false,"sceneViewState":{"m_AlwaysRefresh":false,"showFog":true,"showSkybox":false,"showFlares":true,"showImageEffects":true,"showParticleSystems":true,"showVisualEffectGraphs":true,"m_FxEnabled":true},"in2DMode":false,"pivot":{"x":0.3313043713569641,"y":-0.18627586960792542,"z":0.33293887972831728},"rotation":{"x":0.24299491941928864,"y":0.6825414299964905,"z":-0.25968828797340395,"w":0.6385127902030945},"size":2.2822937965393068,"orthographic":false}