{"cameraMode":{"drawMode":0,"name":"Shaded","section":"Shading Mode"},"sceneLighting":false,"audioPlay":false,"sceneViewState":{"m_AlwaysRefresh":false,"showFog":true,"showSkybox":false,"showFlares":true,"showImageEffects":true,"showParticleSystems":true,"showVisualEffectGraphs":true,"m_FxEnabled":true},"in2DMode":false,"pivot":{"x":-0.8713975548744202,"y":0.6841432452201843,"z":0.26402947306632998},"rotation":{"x":0.012236700393259526,"y":0.9355518817901611,"z":0.03257836773991585,"w":-0.35187089443206789},"size":0.7433926463127136,"orthographic":false}