{"cameraMode":{"drawMode":0,"name":"Shaded","section":"Shading Mode"},"sceneLighting":false,"audioPlay":false,"sceneViewState":{"m_AlwaysRefresh":false,"showFog":true,"showSkybox":false,"showFlares":true,"showImageEffects":true,"showParticleSystems":true,"showVisualEffectGraphs":true,"m_FxEnabled":true},"in2DMode":false,"pivot":{"x":-1.8774046897888184,"y":1.9697508811950684,"z":-0.05197685956954956},"rotation":{"x":0.019860325381159784,"y":-0.6991994380950928,"z":-0.019596396014094354,"w":-0.7144542932510376},"size":1.8356281518936158,"orthographic":false}