{"cameraMode":{"drawMode":0,"name":"Shaded","section":"Shading Mode"},"sceneLighting":false,"audioPlay":false,"sceneViewState":{"m_AlwaysRefresh":false,"showFog":true,"showSkybox":false,"showFlares":true,"showImageEffects":true,"showParticleSystems":true,"showVisualEffectGraphs":true,"m_FxEnabled":true},"in2DMode":false,"pivot":{"x":0.03421136364340782,"y":2.0386650562286379,"z":-6.11769962310791},"rotation":{"x":-0.057024888694286349,"y":-0.03979308903217316,"z":-0.00042245895019732416,"w":0.9980106949806213},"size":3.6239242553710939,"orthographic":false}