{"cameraMode":{"drawMode":0,"name":"Shaded","section":"Shading Mode"},"sceneLighting":false,"audioPlay":false,"sceneViewState":{"m_AlwaysRefresh":false,"showFog":true,"showSkybox":false,"showFlares":true,"showImageEffects":true,"showParticleSystems":true,"showVisualEffectGraphs":true,"m_FxEnabled":true},"in2DMode":false,"pivot":{"x":-3.676130771636963,"y":0.9737391471862793,"z":-8.282026290893555},"rotation":{"x":0.02870124764740467,"y":-0.5626005530357361,"z":0.021820053458213807,"w":0.8264636397361755},"size":3.6239242553710939,"orthographic":false}