{"cameraMode":{"drawMode":0,"name":"Shaded","section":"Shading Mode"},"sceneLighting":false,"audioPlay":false,"sceneViewState":{"m_AlwaysRefresh":false,"showFog":true,"showSkybox":false,"showFlares":true,"showImageEffects":true,"showParticleSystems":true,"showVisualEffectGraphs":true,"m_FxEnabled":true},"in2DMode":false,"pivot":{"x":-0.006819009780883789,"y":1.7568957805633546,"z":-0.022496849298477174},"rotation":{"x":-0.0067641763016581539,"y":-0.9702472686767578,"z":0.02675664983689785,"w":-0.24080143868923188},"size":0.949280858039856,"orthographic":false}