{"cameraMode":{"drawMode":0,"name":"Shaded","section":"Shading Mode"},"sceneLighting":false,"audioPlay":false,"sceneViewState":{"m_AlwaysRefresh":false,"showFog":true,"showSkybox":false,"showFlares":true,"showImageEffects":true,"showParticleSystems":true,"showVisualEffectGraphs":true,"m_FxEnabled":true},"in2DMode":false,"pivot":{"x":-2.384185791015625e-7,"y":-0.000009387731552124023,"z":-6.109476089477539e-7},"rotation":{"x":-0.13487708568572999,"y":0.8592594861984253,"z":-0.29633668065071108,"w":-0.3955259621143341},"size":1.0213146209716797,"orthographic":false}