{"cameraMode":{"drawMode":0,"name":"Shaded","section":"Shading Mode"},"sceneLighting":false,"audioPlay":false,"sceneViewState":{"m_AlwaysRefresh":false,"showFog":true,"showSkybox":true,"showFlares":true,"showImageEffects":true,"showParticleSystems":true,"showVisualEffectGraphs":true,"m_FxEnabled":true},"in2DMode":false,"pivot":{"x":0.7580124735832214,"y":3.1331276893615724,"z":8.795427322387696},"rotation":{"x":-0.0036212585400789978,"y":0.9951363801956177,"z":-0.09011515974998474,"w":-0.040025413036346439},"size":0.03404891490936279,"orthographic":false}