{"cameraMode":{"drawMode":0,"name":"Shaded","section":"Shading Mode"},"sceneLighting":false,"audioPlay":false,"sceneViewState":{"m_AlwaysRefresh":false,"showFog":true,"showSkybox":true,"showFlares":true,"showImageEffects":true,"showParticleSystems":true,"showVisualEffectGraphs":true,"m_FxEnabled":true},"in2DMode":false,"pivot":{"x":0.7426825165748596,"y":1.5373482704162598,"z":6.591376304626465},"rotation":{"x":-0.034164175391197208,"y":0.13746429979801179,"z":-0.004756000824272633,"w":-0.989926815032959},"size":4.773280620574951,"orthographic":false}