{"cameraMode":{"drawMode":0,"name":"Shaded","section":"Shading Mode"},"sceneLighting":true,"audioPlay":false,"sceneViewState":{"m_AlwaysRefresh":false,"showFog":true,"showSkybox":true,"showFlares":true,"showImageEffects":true,"showParticleSystems":true,"showVisualEffectGraphs":true,"m_FxEnabled":true},"in2DMode":false,"pivot":{"x":-0.4313858151435852,"y":2.343874454498291,"z":8.337105751037598},"rotation":{"x":-0.009616059251129628,"y":0.047177162021398547,"z":0.00004159618038102053,"w":0.9992260932922363},"size":1.222061038017273,"orthographic":false}