{"cameraMode":{"drawMode":0,"name":"Shaded","section":"Shading Mode"},"sceneLighting":true,"audioPlay":false,"sceneViewState":{"m_AlwaysRefresh":false,"showFog":true,"showSkybox":true,"showFlares":true,"showImageEffects":true,"showParticleSystems":true,"showVisualEffectGraphs":true,"m_FxEnabled":true},"in2DMode":false,"pivot":{"x":11.426987648010254,"y":2.359886646270752,"z":-30.84434700012207},"rotation":{"x":0.016233401373028756,"y":0.9009365439414978,"z":-0.0348045788705349,"w":0.43313929438591006},"size":1.222061038017273,"orthographic":false}