{"cameraMode":{"drawMode":0,"name":"Shaded","section":"Shading Mode"},"sceneLighting":false,"audioPlay":false,"sceneViewState":{"m_AlwaysRefresh":false,"showFog":true,"showSkybox":true,"showFlares":true,"showImageEffects":true,"showParticleSystems":true,"showVisualEffectGraphs":true,"m_FxEnabled":true},"in2DMode":false,"pivot":{"x":-0.11411233991384506,"y":1.3050357103347779,"z":2.183774948120117},"rotation":{"x":0.00004594663914758712,"y":0.9694969654083252,"z":-0.2452818602323532,"w":0.0005539557314477861},"size":1.732050895690918,"orthographic":false}