{"cameraMode":{"drawMode":0,"name":"Shaded","section":"Shading Mode"},"sceneLighting":false,"audioPlay":false,"sceneViewState":{"m_AlwaysRefresh":false,"showFog":true,"showSkybox":true,"showFlares":true,"showImageEffects":true,"showParticleSystems":true,"showVisualEffectGraphs":true,"m_FxEnabled":true},"in2DMode":false,"pivot":{"x":14.325257301330567,"y":2.9863879680633547,"z":-8.659282684326172},"rotation":{"x":-0.035171523690223697,"y":0.17606095969676972,"z":0.006103828549385071,"w":0.9838079810142517},"size":12.764725685119629,"orthographic":false}