{"cameraMode":{"drawMode":0,"name":"Shaded","section":"Shading Mode"},"sceneLighting":true,"audioPlay":false,"sceneViewState":{"m_AlwaysRefresh":false,"showFog":true,"showSkybox":true,"showFlares":true,"showImageEffects":true,"showParticleSystems":true,"showVisualEffectGraphs":true,"m_FxEnabled":true},"in2DMode":false,"pivot":{"x":-13.580732345581055,"y":-12.658510208129883,"z":-28.301206588745118},"rotation":{"x":0.20030391216278077,"y":-0.6546189785003662,"z":0.18604178726673127,"w":0.7048020958900452},"size":22.36248016357422,"orthographic":false}