{"cameraMode":{"drawMode":0,"name":"Shaded","section":"Shading Mode"},"sceneLighting":false,"audioPlay":false,"sceneViewState":{"m_AlwaysRefresh":false,"showFog":true,"showSkybox":true,"showFlares":true,"showImageEffects":true,"showParticleSystems":true,"showVisualEffectGraphs":true,"m_FxEnabled":true},"in2DMode":false,"pivot":{"x":-12.203092575073243,"y":-0.6070318818092346,"z":-113.92588806152344},"rotation":{"x":-0.0005071925115771592,"y":0.9983689188957214,"z":-0.008985322900116444,"w":-0.056641824543476108},"size":59.65630340576172,"orthographic":false}