{"cameraMode":{"drawMode":0,"name":"Shaded","section":"Shading Mode"},"sceneLighting":false,"audioPlay":false,"sceneViewState":{"m_AlwaysRefresh":false,"showFog":true,"showSkybox":false,"showFlares":true,"showImageEffects":true,"showParticleSystems":true,"showVisualEffectGraphs":true,"m_FxEnabled":true},"in2DMode":false,"pivot":{"x":-0.0018353462219238282,"y":0.12025004625320435,"z":0.007505863904953003},"rotation":{"x":0.0871162936091423,"y":-0.5854743719100952,"z":0.0634782463312149,"w":0.8034934997558594},"size":1.6007810831069947,"orthographic":false}