{"cameraMode":{"drawMode":0,"name":"Shaded","section":"Shading Mode"},"sceneLighting":false,"audioPlay":false,"sceneViewState":{"m_AlwaysRefresh":false,"showFog":true,"showSkybox":false,"showFlares":true,"showImageEffects":true,"showParticleSystems":true,"showVisualEffectGraphs":true,"m_FxEnabled":true},"in2DMode":false,"pivot":{"x":-1.4458661079406739,"y":-0.18809324502944947,"z":0.5721526741981506},"rotation":{"x":0.10987131297588349,"y":0.8745720386505127,"z":-0.23413151502609254,"w":0.41022083163261416},"size":4.770294666290283,"orthographic":false}