{"cameraMode":{"drawMode":0,"name":"Shaded","section":"Shading Mode"},"sceneLighting":false,"audioPlay":false,"sceneViewState":{"m_AlwaysRefresh":false,"showFog":true,"showSkybox":false,"showFlares":true,"showImageEffects":true,"showParticleSystems":true,"showVisualEffectGraphs":true,"m_FxEnabled":true},"in2DMode":false,"pivot":{"x":1.2502331733703614,"y":-0.7205359935760498,"z":1.5706701278686524},"rotation":{"x":0.26251253485679629,"y":0.3485064208507538,"z":-0.10228786617517472,"w":0.8939874768257141},"size":2.711688756942749,"orthographic":false}