{"cameraMode":{"drawMode":0,"name":"Shaded","section":"Shading Mode"},"sceneLighting":false,"audioPlay":false,"sceneViewState":{"m_AlwaysRefresh":false,"showFog":true,"showSkybox":false,"showFlares":true,"showImageEffects":true,"showParticleSystems":true,"showVisualEffectGraphs":true,"m_FxEnabled":true},"in2DMode":false,"pivot":{"x":-0.0000016689300537109376,"y":0.000027835369110107422,"z":4.76837158203125e-7},"rotation":{"x":-0.2077162265777588,"y":0.7099675536155701,"z":-0.2337009310722351,"w":-0.6310297250747681},"size":1.108593463897705,"orthographic":false}